[
{
  "userID" : "102232247054755865131",
  "event" : "StartSession",
  "sessionID" : 141942179,
  "difficulty" : "Medium",
  "timestamp" : "2026/02/16/09/55/22"
}
,
{
  "userID" : "102232247054755865131",
  "event" : "NormalEncounterStart",
  "sessionID" : 141942179,
  "stage_number" : 1,
  "encounter_name" : "FISHMAN_ENCOUNTER",
  "difficulty" : "Medium",
  "timestamp" : "2026/02/16/09/55/22"
}
,
{
  "userID" : "102232247054755865131",
  "event" : "KillEnemy",
  "sessionID" : 141942179,
  "stage_number" : 1,
  "encounter_name" : "FISHMAN_ENCOUNTER",
  "difficulty" : "Medium",
  "enemy_type" : "Fishman",
  "timestamp" : "2026/02/16/09/55/28"
}
,
{
  "userID" : "102232247054755865131",
  "event" : "NormalEncounterComplete",
  "sessionID" : 141942179,
  "stage_number" : 1,
  "encounter_name" : "FISHMAN_ENCOUNTER",
  "difficulty" : "Medium",
  "player_HP_remaining" : 20,
  "timestamp" : "2026/02/16/09/55/28"
}
,
{
  "userID" : "102232247054755865131",
  "event" : "GainCoin",
  "sessionID" : 141942179,
  "stage_number" : 1,
  "encounter_name" : "FISHMAN_ENCOUNTER",
  "difficulty" : "Medium",
  "coins_gained" : 25,
  "timestamp" : "2026/02/16/09/55/28"
}
,
{
  "userID" : "102232247054755865131",
  "event" : "BuyUpgrade",
  "sessionID" : 141942179,
  "stage_number" : 1,
  "encounter_name" : "FISHMAN_ENCOUNTER",
  "difficulty" : "Medium",
  "upgrade_bought" : "SLASH_UNLOCK",
  "coins_spent" : 15,
  "timestamp" : "2026/02/16/09/55/28"
}
,
{
  "userID" : "102232247054755865131",
  "event" : "BuyUpgrade",
  "sessionID" : 141942179,
  "stage_number" : 1,
  "encounter_name" : "FISHMAN_ENCOUNTER",
  "difficulty" : "Medium",
  "upgrade_bought" : "WATER_DAMAGE_RESISTANCE",
  "coins_spent" : 5,
  "timestamp" : "2026/02/16/09/55/34"
}
,
{
  "userID" : "102232247054755865131",
  "event" : "NormalEncounterStart",
  "sessionID" : 141942179,
  "stage_number" : 2,
  "encounter_name" : "GOBLIN_ENCOUNTER",
  "difficulty" : "Medium",
  "timestamp" : "2026/02/16/09/55/35"
}
,
{
  "userID" : "102232247054755865131",
  "event" : "KillEnemy",
  "sessionID" : 141942179,
  "stage_number" : 2,
  "encounter_name" : "GOBLIN_ENCOUNTER",
  "difficulty" : "Medium",
  "enemy_type" : "Goblin",
  "timestamp" : "2026/02/16/09/55/42"
}
,
{
  "userID" : "102232247054755865131",
  "event" : "NormalEncounterComplete",
  "sessionID" : 141942179,
  "stage_number" : 2,
  "encounter_name" : "GOBLIN_ENCOUNTER",
  "difficulty" : "Medium",
  "player_HP_remaining" : 60,
  "timestamp" : "2026/02/16/09/55/42"
}
,
{
  "userID" : "102232247054755865131",
  "event" : "GainCoin",
  "sessionID" : 141942179,
  "stage_number" : 2,
  "encounter_name" : "GOBLIN_ENCOUNTER",
  "difficulty" : "Medium",
  "coins_gained" : 25,
  "timestamp" : "2026/02/16/09/55/42"
}
,
{
  "userID" : "102232247054755865131",
  "event" : "EndSession",
  "sessionID" : 141942179,
  "timestamp" : "2026/02/16/09/55/45"
}
]